venue,country_code,country_name,comparison_group,paper_universe,papers_with_country,papers_missing_country,country_coverage,papers_full_count,papers_fractional_count,observed_full_share,observed_fractional_share,mar_estimated_full_count,population_share_lower_bound,population_share_upper_bound,full_rank_in_panel,fractional_rank_in_panel,rank_change_full_to_fractional
aaai,BR,Brazil,focus,3486,3189,297,0.91480207,6,3.333333,0.00188147,0.00104526,6.558796,0.00172117,0.0869191,11,11,0
aaai,US,United States,ai_frontier,3486,3189,297,0.91480207,843,580.5,0.26434619,0.18203198,921.510818,0.24182444,0.32702238,2,2,0
aaai,CN,China,ai_frontier,3486,3189,297,0.91480207,1907,1477.616667,0.5979931,0.46334797,2084.603951,0.54704532,0.63224326,1,1,0
aaai,AR,Argentina,latin_america,3486,3189,297,0.91480207,0,0,0.0,0.0,0.0,0.0,0.08519793,16,16,0
aaai,CL,Chile,latin_america,3486,3189,297,0.91480207,10,5.5,0.00313578,0.00172468,10.931326,0.00286862,0.08806655,10,10,0
aaai,CO,Colombia,latin_america,3486,3189,297,0.91480207,3,0.75,0.00094073,0.00023518,3.279398,0.00086059,0.08605852,12,13,1
aaai,MX,Mexico,latin_america,3486,3189,297,0.91480207,27,15.116667,0.0084666,0.00474025,29.514581,0.00774527,0.0929432,8,8,0
aaai,IN,India,structural_peer,3486,3189,297,0.91480207,68,46.65,0.0213233,0.01462841,74.33302,0.0195066,0.10470453,6,6,0
aaai,ID,Indonesia,structural_peer,3486,3189,297,0.91480207,2,0.833333,0.00062716,0.00026131,2.186265,0.00057372,0.08577166,13,12,-1
aaai,ZA,South Africa,structural_peer,3486,3189,297,0.91480207,1,0.5,0.00031358,0.00015679,1.093133,0.00028686,0.0854848,15,15,0
aaai,TR,Turkey,structural_peer,3486,3189,297,0.91480207,2,0.583333,0.00062716,0.00018292,2.186265,0.00057372,0.08577166,13,14,1
aaai,AE,United Arab Emirates,emerging_ai_investment,3486,3189,297,0.91480207,17,8.283333,0.00533082,0.00259747,18.583255,0.00487665,0.09007458,9,9,0
aaai,CA,Canada,developed_reference,3486,3189,297,0.91480207,135,73.333333,0.04233302,0.02299571,147.572907,0.03872633,0.12392427,4,4,0
aaai,GB,United Kingdom,developed_reference,3486,3189,297,0.91480207,253,136.783333,0.07933521,0.04289223,276.562559,0.07257602,0.15777395,3,3,0
aaai,FR,France,developed_reference,3486,3189,297,0.91480207,52,29.533333,0.01630605,0.009261,56.842897,0.01491681,0.10011474,7,7,0
aaai,DE,Germany,developed_reference,3486,3189,297,0.91480207,108,67.066667,0.03386642,0.02103063,118.058325,0.03098107,0.116179,5,5,0
acl,BR,Brazil,focus,1602,1541,61,0.9619226,1,0.5,0.00064893,0.00032446,1.039585,0.00062422,0.03870162,12,12,0
acl,US,United States,ai_frontier,1602,1541,61,0.9619226,381,313.009524,0.24724205,0.20312104,396.081765,0.23782772,0.27590512,2,2,0
acl,CN,China,ai_frontier,1602,1541,61,0.9619226,693,581.333333,0.44970798,0.37724421,720.432187,0.43258427,0.47066167,1,1,0
acl,AR,Argentina,latin_america,1602,1541,61,0.9619226,0,0,0.0,0.0,0.0,0.0,0.0380774,14,14,0
acl,CL,Chile,latin_america,1602,1541,61,0.9619226,0,0,0.0,0.0,0.0,0.0,0.0380774,14,14,0
acl,CO,Colombia,latin_america,1602,1541,61,0.9619226,0,0,0.0,0.0,0.0,0.0,0.0380774,14,14,0
acl,MX,Mexico,latin_america,1602,1541,61,0.9619226,2,0.75,0.00129786,0.0004867,2.079169,0.00124844,0.03932584,11,11,0
acl,IN,India,structural_peer,1602,1541,61,0.9619226,26,22.5,0.01687216,0.01460091,27.029202,0.01622971,0.05430712,6,6,0
acl,ID,Indonesia,structural_peer,1602,1541,61,0.9619226,4,2.833333,0.00259572,0.00183863,4.158339,0.00249688,0.04057428,9,9,0
acl,ZA,South Africa,structural_peer,1602,1541,61,0.9619226,4,2.642857,0.00259572,0.00171503,4.158339,0.00249688,0.04057428,9,10,1
acl,TR,Turkey,structural_peer,1602,1541,61,0.9619226,1,0.5,0.00064893,0.00032446,1.039585,0.00062422,0.03870162,12,12,0
acl,AE,United Arab Emirates,emerging_ai_investment,1602,1541,61,0.9619226,26,14.016667,0.01687216,0.00909583,27.029202,0.01622971,0.05430712,6,8,2
acl,CA,Canada,developed_reference,1602,1541,61,0.9619226,52,32.57619,0.03374432,0.02113964,54.058404,0.03245943,0.07053683,5,5,0
acl,GB,United Kingdom,developed_reference,1602,1541,61,0.9619226,122,80.292857,0.07916937,0.05210438,126.829332,0.07615481,0.11423221,3,3,0
acl,FR,France,developed_reference,1602,1541,61,0.9619226,23,17.25,0.01492537,0.01119403,23.910448,0.01435705,0.05243446,8,7,-1
acl,DE,Germany,developed_reference,1602,1541,61,0.9619226,77,53.959524,0.04996755,0.03501591,80.048021,0.04806492,0.08614232,4,4,0
emnlp,BR,Brazil,focus,1809,1676,133,0.92647872,3,1.333333,0.00178998,0.00079554,3.238067,0.00165837,0.07517966,10,11,1
emnlp,US,United States,ai_frontier,1809,1676,133,0.92647872,529,436.785714,0.31563246,0.260612,570.979117,0.29242676,0.36594804,2,2,0
emnlp,CN,China,ai_frontier,1809,1676,133,0.92647872,606,511.25,0.36157518,0.30504177,654.089499,0.33499171,0.40851299,1,1,0
emnlp,AR,Argentina,latin_america,1809,1676,133,0.92647872,2,1.5,0.00119332,0.00089499,2.158711,0.00110558,0.07462687,11,10,-1
emnlp,CL,Chile,latin_america,1809,1676,133,0.92647872,1,1.0,0.00059666,0.00059666,1.079356,0.00055279,0.07407407,12,12,0
emnlp,CO,Colombia,latin_america,1809,1676,133,0.92647872,0,0,0.0,0.0,0.0,0.0,0.07352128,15,15,0
emnlp,MX,Mexico,latin_america,1809,1676,133,0.92647872,1,0.333333,0.00059666,0.00019889,1.079356,0.00055279,0.07407407,12,14,2
emnlp,IN,India,structural_peer,1809,1676,133,0.92647872,41,33.166667,0.02446301,0.01978918,44.25358,0.02266446,0.09618574,6,6,0
emnlp,ID,Indonesia,structural_peer,1809,1676,133,0.92647872,4,2.75,0.00238663,0.00164081,4.317422,0.00221117,0.07573245,9,9,0
emnlp,ZA,South Africa,structural_peer,1809,1676,133,0.92647872,0,0,0.0,0.0,0.0,0.0,0.07352128,15,15,0
emnlp,TR,Turkey,structural_peer,1809,1676,133,0.92647872,1,1.0,0.00059666,0.00059666,1.079356,0.00055279,0.07407407,12,12,0
emnlp,AE,United Arab Emirates,emerging_ai_investment,1809,1676,133,0.92647872,33,20.642857,0.01968974,0.01231674,35.618735,0.01824212,0.09176341,8,8,0
emnlp,CA,Canada,developed_reference,1809,1676,133,0.92647872,66,43.642857,0.03937947,0.02603989,71.23747,0.03648425,0.11000553,5,5,0
emnlp,GB,United Kingdom,developed_reference,1809,1676,133,0.92647872,136,104.059524,0.08114558,0.06208802,146.792363,0.07517966,0.14870094,3,3,0
emnlp,FR,France,developed_reference,1809,1676,133,0.92647872,35,22.309524,0.02088305,0.01331117,37.777446,0.01934771,0.09286899,7,7,0
emnlp,DE,Germany,developed_reference,1809,1676,133,0.92647872,102,73.119048,0.06085919,0.04362712,110.094272,0.05638474,0.12990603,4,4,0
iclr,BR,Brazil,focus,3702,3606,96,0.97406807,5,1.4625,0.00138658,0.00040557,5.133111,0.00135062,0.02728255,9,11,2
iclr,US,United States,ai_frontier,3702,3606,96,0.97406807,1900,1319.1125,0.52689961,0.36581045,1950.582363,0.51323609,0.53916802,1,1,0
iclr,CN,China,ai_frontier,3702,3606,96,0.97406807,1286,804.608333,0.35662784,0.22313043,1320.236273,0.34737979,0.37331172,2,2,0
iclr,AR,Argentina,latin_america,3702,3606,96,0.97406807,0,0,0.0,0.0,0.0,0.0,0.02593193,14,14,0
iclr,CL,Chile,latin_america,3702,3606,96,0.97406807,0,0,0.0,0.0,0.0,0.0,0.02593193,14,14,0
iclr,CO,Colombia,latin_america,3702,3606,96,0.97406807,0,0,0.0,0.0,0.0,0.0,0.02593193,14,14,0
iclr,MX,Mexico,latin_america,3702,3606,96,0.97406807,1,0.5,0.00027732,0.00013866,1.026622,0.00027012,0.02620205,13,12,-1
iclr,IN,India,structural_peer,3702,3606,96,0.97406807,39,23.167262,0.01081531,0.00642464,40.03827,0.01053485,0.03646677,8,8,0
iclr,ID,Indonesia,structural_peer,3702,3606,96,0.97406807,2,0.45,0.00055463,0.00012479,2.053245,0.00054025,0.02647218,12,13,1
iclr,ZA,South Africa,structural_peer,3702,3606,96,0.97406807,5,1.666667,0.00138658,0.00046219,5.133111,0.00135062,0.02728255,9,10,1
iclr,TR,Turkey,structural_peer,3702,3606,96,0.97406807,3,2.333333,0.00083195,0.00064707,3.079867,0.00081037,0.0267423,11,9,-2
iclr,AE,United Arab Emirates,emerging_ai_investment,3702,3606,96,0.97406807,94,32.819643,0.02606767,0.0091014,96.502496,0.02539168,0.05132361,7,7,0
iclr,CA,Canada,developed_reference,3702,3606,96,0.97406807,237,126.319643,0.06572379,0.03503041,243.309484,0.06401945,0.08995138,5,5,0
iclr,GB,United Kingdom,developed_reference,3702,3606,96,0.97406807,351,164.904167,0.09733777,0.0457305,360.344426,0.09481361,0.12074554,3,3,0
iclr,FR,France,developed_reference,3702,3606,96,0.97406807,97,55.571429,0.02689961,0.01541082,99.582363,0.02620205,0.05213398,6,6,0
iclr,DE,Germany,developed_reference,3702,3606,96,0.97406807,249,141.576786,0.06905158,0.03926145,255.628952,0.06726094,0.09319287,4,4,0
icml,BR,Brazil,focus,3330,3182,148,0.95555556,6,4.5,0.00188561,0.0014142,6.27907,0.0018018,0.04624625,9,9,0
icml,US,United States,ai_frontier,3330,3182,148,0.95555556,1273,1061.4,0.40006285,0.3335638,1332.209302,0.38228228,0.42672673,1,1,0
icml,CN,China,ai_frontier,3330,3182,148,0.95555556,1127,885.366667,0.35417976,0.2782422,1179.418605,0.33843844,0.38288288,2,2,0
icml,AR,Argentina,latin_america,3330,3182,148,0.95555556,1,0.2,0.00031427,6.285e-05,1.046512,0.0003003,0.04474474,11,12,1
icml,CL,Chile,latin_america,3330,3182,148,0.95555556,0,0,0.0,0.0,0.0,0.0,0.04444444,13,13,0
icml,CO,Colombia,latin_america,3330,3182,148,0.95555556,1,0.5,0.00031427,0.00015713,1.046512,0.0003003,0.04474474,11,11,0
icml,MX,Mexico,latin_america,3330,3182,148,0.95555556,0,0,0.0,0.0,0.0,0.0,0.04444444,13,13,0
icml,IN,India,structural_peer,3330,3182,148,0.95555556,35,24.166667,0.01099937,0.0075948,36.627907,0.01051051,0.05495495,7,7,0
icml,ID,Indonesia,structural_peer,3330,3182,148,0.95555556,0,0,0.0,0.0,0.0,0.0,0.04444444,13,13,0
icml,ZA,South Africa,structural_peer,3330,3182,148,0.95555556,0,0,0.0,0.0,0.0,0.0,0.04444444,13,13,0
icml,TR,Turkey,structural_peer,3330,3182,148,0.95555556,2,0.833333,0.00062854,0.00026189,2.093023,0.0006006,0.04504505,10,10,0
icml,AE,United Arab Emirates,emerging_ai_investment,3330,3182,148,0.95555556,29,13.083333,0.00911376,0.00411167,30.348837,0.00870871,0.05315315,8,8,0
icml,CA,Canada,developed_reference,3330,3182,148,0.95555556,143,100.25,0.04494029,0.03150534,149.651163,0.04294294,0.08738739,5,5,0
icml,GB,United Kingdom,developed_reference,3330,3182,148,0.95555556,279,184.983333,0.0876807,0.0581343,291.976744,0.08378378,0.12822823,3,3,0
icml,FR,France,developed_reference,3330,3182,148,0.95555556,90,62.25,0.0282841,0.01956317,94.186047,0.02702703,0.07147147,6,6,0
icml,DE,Germany,developed_reference,3330,3182,148,0.95555556,173,120.916667,0.05436832,0.03800021,181.046512,0.05195195,0.0963964,4,4,0
kdd-ads,BR,Brazil,focus,155,149,6,0.96129032,0,0,0.0,0.0,0.0,0.0,0.03870968,9,9,0
kdd-ads,US,United States,ai_frontier,155,149,6,0.96129032,55,40.75,0.36912752,0.27348993,57.214765,0.35483871,0.39354839,2,2,0
kdd-ads,CN,China,ai_frontier,155,149,6,0.96129032,95,73.916667,0.63758389,0.49608501,98.825503,0.61290323,0.6516129,1,1,0
kdd-ads,AR,Argentina,latin_america,155,149,6,0.96129032,1,0.333333,0.00671141,0.00223714,1.040268,0.00645161,0.04516129,8,8,0
kdd-ads,CL,Chile,latin_america,155,149,6,0.96129032,0,0,0.0,0.0,0.0,0.0,0.03870968,9,9,0
kdd-ads,CO,Colombia,latin_america,155,149,6,0.96129032,0,0,0.0,0.0,0.0,0.0,0.03870968,9,9,0
kdd-ads,MX,Mexico,latin_america,155,149,6,0.96129032,0,0,0.0,0.0,0.0,0.0,0.03870968,9,9,0
kdd-ads,IN,India,structural_peer,155,149,6,0.96129032,4,3.0,0.02684564,0.02013423,4.161074,0.02580645,0.06451613,5,4,-1
kdd-ads,ID,Indonesia,structural_peer,155,149,6,0.96129032,0,0,0.0,0.0,0.0,0.0,0.03870968,9,9,0
kdd-ads,ZA,South Africa,structural_peer,155,149,6,0.96129032,0,0,0.0,0.0,0.0,0.0,0.03870968,9,9,0
kdd-ads,TR,Turkey,structural_peer,155,149,6,0.96129032,0,0,0.0,0.0,0.0,0.0,0.03870968,9,9,0
kdd-ads,AE,United Arab Emirates,emerging_ai_investment,155,149,6,0.96129032,0,0,0.0,0.0,0.0,0.0,0.03870968,9,9,0
kdd-ads,CA,Canada,developed_reference,155,149,6,0.96129032,8,4.333333,0.05369128,0.02908277,8.322148,0.0516129,0.09032258,3,3,0
kdd-ads,GB,United Kingdom,developed_reference,155,149,6,0.96129032,5,2.333333,0.03355705,0.01565996,5.201342,0.03225806,0.07096774,4,6,2
kdd-ads,FR,France,developed_reference,155,149,6,0.96129032,4,3.0,0.02684564,0.02013423,4.161074,0.02580645,0.06451613,5,4,-1
kdd-ads,DE,Germany,developed_reference,155,149,6,0.96129032,2,1.5,0.01342282,0.01006711,2.080537,0.01290323,0.0516129,7,7,0
neurips,BR,Brazil,focus,5823,5321,502,0.91379014,6,2.642857,0.00112761,0.00049668,6.566059,0.0010304,0.08724025,10,12,2
neurips,US,United States,ai_frontier,5823,5321,502,0.91379014,1868,1521.328571,0.35106183,0.28591027,2044.233039,0.32079684,0.4070067,2,2,0
neurips,CN,China,ai_frontier,5823,5321,502,0.91379014,2022,1618.52619,0.38000376,0.30417707,2212.761887,0.34724369,0.43345355,1,1,0
neurips,AR,Argentina,latin_america,5823,5321,502,0.91379014,1,0.333333,0.00018793,6.264e-05,1.094343,0.00017173,0.08638159,13,14,1
neurips,CL,Chile,latin_america,5823,5321,502,0.91379014,1,1.0,0.00018793,0.00018793,1.094343,0.00017173,0.08638159,13,13,0
neurips,CO,Colombia,latin_america,5823,5321,502,0.91379014,5,4.5,0.00093967,0.00084571,5.471716,0.00085866,0.08706852,11,9,-2
neurips,MX,Mexico,latin_america,5823,5321,502,0.91379014,0,0,0.0,0.0,0.0,0.0,0.08620986,15,15,0
neurips,IN,India,structural_peer,5823,5321,502,0.91379014,39,30.783333,0.00732945,0.00578525,42.679384,0.00669758,0.09290744,8,8,0
neurips,ID,Indonesia,structural_peer,5823,5321,502,0.91379014,0,0,0.0,0.0,0.0,0.0,0.08620986,15,15,0
neurips,ZA,South Africa,structural_peer,5823,5321,502,0.91379014,5,3.833333,0.00093967,0.00072042,5.471716,0.00085866,0.08706852,11,11,0
neurips,TR,Turkey,structural_peer,5823,5321,502,0.91379014,7,4.333333,0.00131554,0.00081438,7.660402,0.00120213,0.08741199,9,10,1
neurips,AE,United Arab Emirates,emerging_ai_investment,5823,5321,502,0.91379014,71,37.366667,0.01334336,0.00702249,77.698365,0.01219303,0.09840289,7,7,0
neurips,CA,Canada,developed_reference,5823,5321,502,0.91379014,238,155.361905,0.04472843,0.02919788,260.453674,0.0408724,0.12708226,5,5,0
neurips,GB,United Kingdom,developed_reference,5823,5321,502,0.91379014,425,296.511905,0.0798722,0.05572485,465.095847,0.07298643,0.15919629,3,3,0
neurips,FR,France,developed_reference,5823,5321,502,0.91379014,144,97.533333,0.02706258,0.01832989,157.585416,0.02472952,0.11093938,6,6,0
neurips,DE,Germany,developed_reference,5823,5321,502,0.91379014,262,182.12619,0.04923886,0.03422781,286.71791,0.04499399,0.13120385,4,4,0
