source_id,organization,dataset,baseline_role,hypotheses,dimensions,access,license,status,limitations
stanford2025vibrancy,"Stanford HAI","Global AI Vibrancy Tool","broad_ecosystem","H-BASE-001","ecossistema nacional, pesquisa, economia, talento, políticas, opinião pública, IA responsável e infraestrutura","CSV público versionado no nome","a confirmar para redistribuição","conditionally_accepted","A metodologia de 2024 não especifica integralmente a edição 2025; normalização, imputação, pesos e cobertura precisam ser fixados."
stanford2026publicdata,"Stanford HAI","2026 AI Index Report Public Data","contemporary_panel","H-BASE-001|H-RD-001|H-INFRA-001","dados de 2025 para economia, modelos, pesquisa, política e IA responsável, sujeitos à disponibilidade por arquivo","pasta pública no Google Drive","a confirmar por arquivo","accepted_with_conditions","A data da edição não é o ano observado; várias séries ainda terminam em 2023 ou 2024."
top500_2025_2026,"TOP500","TOP500 Lists","contemporary_panel","H-BASE-001|H-INFRA-001","quantidade de sistemas e soma de Rmax por país","listas públicas semestrais","a confirmar","accepted","Snapshots de HPC não equivalem automaticamente a compute acessível para treinamento de IA."
openalex_2025_2026,"OurResearch","OpenAlex","contemporary_panel","H-BASE-001|H-SCI-001","trabalhos em conferências, afiliações, países e tipos de instituição","API e snapshot públicos","CC0","accepted_with_conditions","Cobertura e classificação de afiliações variam; 2026 é parcial e sujeito a atraso de indexação."
world_bank_wdi_2026,"World Bank","World Development Indicators API","factor_context","H-RD-001|H-DEMAND-001","dispêndio em P&D, população e PIB","API pública; snapshot local de 2026-07-30","CC BY 4.0","accepted_with_conditions","Anos de referência variam por país; P&D geral não identifica a parcela específica de IA nem sua composição pública e empresarial."
ror2026,"Research Organization Registry","ROR API v2","affiliation_resolution","H-BASE-001|H-SCI-001","normalização de afiliações, país e tipo institucional","API pública e data dump","CC0","accepted_with_conditions","Aceitar apenas resultados chosen:true; casos ambíguos exigem revisão."
epoch2026datacenters,"Epoch AI","AI Data Centers","frontier_footprint","H-BASE-001|H-INFRA-001","maiores data centers de IA conhecidos, chips, potência, custo e cronologia","ZIP público","CC BY","accepted_with_conditions","Amostra intencional dos maiores sites conhecidos; capacidade operacional, futura e estimada deve permanecer separada."
epoch2026gpuclusters,"Epoch AI","GPU Clusters","frontier_footprint","H-BASE-001|H-INFRA-001","clusters, hardware, compute, potência, operação e localização","CSV público","CC BY","accepted_with_conditions","Cobertura não exaustiva; status, certeza, duplicidades e adequação para IA exigem filtros."
epoch2026models,"Epoch AI","Data on AI Models","frontier_footprint","H-BASE-001|H-CONV-001","modelos notáveis, de larga escala e de fronteira","CSV público","CC BY","accepted_with_conditions","País da organização, local de treinamento e captura de valor são conceitos distintos; compute e local de treinamento têm missingness alto."
jusbrasil-maritaca-partnership,"Jusbrasil","Jus IA launch and Maritaca AI partnership disclosure","sector_case","H-SECTOR-LEGAL-001|H-CONV-MARITACA-001","parceria, modelo jurídico próprio, dados de domínio e aplicação declarada","release público do Jusbrasil","uso analítico com atribuição","accepted_with_conditions","Fonte primária corporativa confirma a declaração da parceria, mas não valida de forma independente desempenho, adoção, causalidade ou captura de valor."
